feature_name,importance
close,0.61038959
open,0.207792208
low,0.103896104
volumeto,0.064935066
volumefrom,0.012987013